<?xml version="1.0" encoding="UTF-8" standalone="yes"?>
<addon id="repository.theassassins" name="Assassins repo" version="0.0.1" provider-name="The assassin">
	<extension point="xbmc.addon.repository" name="Assassins repo">
		<dir>
			<info compressed="false">https://raw.githubusercontent.com/totalrevolution/python-koding/master/zips/addons.xml</info>
			<checksum>https://raw.githubusercontent.com/totalrevolution/python-koding/master/zips/addons.xml.md5</checksum>
			<datadir zip="true">https://raw.githubusercontent.com/totalrevolution/python-koding/master/zips/</datadir>
		</dir>
		<info compressed="false">https://raw.githubusercontent.com/keystoneap/repository.theassassins/master/zips/addons.xml</info>
		<checksum>https://raw.githubusercontent.com/keystoneap/repository.theassassins/master/zips/addons.xml.md5</checksum>
		<datadir zip="true">https://raw.githubusercontent.com/keystoneap/repository.theassassins/master/zips/</datadir>
	</extension>
	<extension point="xbmc.addon.metadata">
		<summary lang="en">Kodi Assassin</summary>
		<description lang="en">Kodi addon repository</description>
		<genre>documentary,kids,livetv,movies,tvshows,wizard,usa</genre>
	</extension>
</addon>