<?xml version="1.0" encoding="UTF-8" standalone="yes"?>
<addon id="plugin.video.theassassin" name="The Assassin" version="0.0.1" provider-name="Assassin">
	<requires>
		<import addon="xbmc.python" version="2.19.0" />
        <import addon="script.module.python.koding.aio" version="0.0.1"/>
	</requires>
	<extension point="xbmc.python.pluginsource" library="default.py">
		<provides>executable video</provides>
	</extension>
	<extension point="xbmc.addon.metadata">
		<summary lang="en">all in one addon</summary>
		<description lang="en">movies,tv shows, kids, builds, </description>
		<platform>all</platform>
		<forum>http://www.noobsandnerds.com/support</forum>
		<website>www.noobsandnerds.com</website>
		<news></news>
		<genre>documentary,kids,livetv,movies,tvshows,wizard,usa</genre>
		<video_guide></video_guide>
		<video_preview></video_preview>
	</extension>
</addon>
